{
    "T": 12,
    "n": 6,
    "m": 4,
    "m_A": 2,
    "q": 100,
    "d": [
        [
            4.4,
            2.4000000000000004,
            0.935898384862246,
            0.40000000000000036,
            1.4038475772933683,
            4.200000000000001,
            5.499999999999999,
            9.6,
            11.79615242270663,
            12.600000000000001,
            7.864101615137755,
            11.200000000000003
        ],
        [
            1.292645075960518,
            0.7077951837234772,
            0.8453959399637307,
            3.358186164791162,
            5.264099848994146,
            6.234336385828312,
            7.7658839392315855,
            8.395545609300871,
            11.931906090054405,
            9.84181383520884,
            5.735900151005854,
            3.8484954212575353
        ],
        [
            0.7628102926972735,
            2.6029937352335453,
            4.022980074966059,
            9.096881019282854,
            11.490254673403179,
            8.382192358001733,
            10.046487134128409,
            8.397006264766457,
            7.165529887550913,
            4.786972144170005,
            1.1398302177312138,
            0.6267114629974015
        ],
        [
            4.794399959700664,
            8.836696418028678,
            13.207590533074221,
            12.539954979602674,
            8.111674622567596,
            12.020468321836326,
            6.205600040299338,
            5.090520845633215,
            1.566006762089844,
            0.660045020397328,
            1.2045694105067106,
            2.4139511986883395
        ],
        [
            11.14081497184757,
            14.575623979111478,
            8.177892913373984,
            8.76821810431806,
            5.150682932142274,
            3.857058119238431,
            2.0591850281524313,
            0.8243760208885248,
            1.0886874015955246,
            2.23178189568194,
            6.386304868751032,
            5.714353504609255
        ],
        [
            14.412469922641971,
            12.52035182602562,
            9.336624350391821,
            4.0816890726838695,
            2.2492752237855864,
            0.5108645004181698,
            0.8464543520211698,
            2.4682698634066096,
            4.330982606862982,
            9.685635298242584,
            10.950724776214422,
            10.36141937447729
        ]
    ],
    "p": [
        128.0,
        147.0,
        120.0,
        121.0,
        129.0,
        132.0
    ],
    "k": [
        13.0,
        14.0,
        15.0,
        15.0,
        15.0,
        10.0
    ],
    "h": [
        2.3944436587850833,
        2.3374167245288686,
        2.1276887558405697,
        0.5681541830412036,
        2.38674573828993,
        2.400878329831002
    ],
    "b": [
        8.0,
        5.0
    ],
    "c": [
        40.0,
        48.0
    ],
    "A": [
        [
            25.0,
            25.0,
            23.0,
            27.0,
            32.0,
            19.0,
            28.0,
            21.0,
            34.0,
            24.0,
            20.0,
            15.0
        ],
        [
            28.0,
            31.0,
            17.0,
            20.0,
            24.0,
            15.0,
            33.0,
            22.0,
            26.0,
            20.0,
            25.0,
            29.0
        ]
    ],
    "a": [
        [
            4.0,
            7.0,
            7.0,
            3.0,
            3.0,
            0.0
        ],
        [
            3.0,
            6.0,
            1.0,
            0.0,
            2.0,
            1.0
        ],
        [
            4.0,
            2.0,
            0.0,
            5.0,
            7.0,
            6.0
        ],
        [
            0.0,
            4.0,
            6.0,
            0.0,
            4.0,
            4.0
        ]
    ],
    "I_minus_I_A": [
        2,
        3
    ],
    "R_fix": [
        [
            72.0,
            84.0,
            77.0,
            76.0,
            81.0,
            86.0,
            81.0,
            70.0,
            52.0,
            64.0,
            80.0,
            87.0
        ],
        [
            92.0,
            90.0,
            81.0,
            95.0,
            98.0,
            65.0,
            75.0,
            89.0,
            72.0,
            65.0,
            60.0,
            68.0
        ]
    ],
    "x_a": [
        4.0,
        4.0,
        4.0,
        3.0,
        3.0,
        3.0
    ],
    "R_a": [
        20.0,
        10.0
    ]
}